name,chamber,party,screen_name,account_type
Don Young,house,R,repdonyoung,office
Don Young,house,R,DonYoungAK,campaign
Bradley Byrne,house,R,BradleyByrne,campaign
Bradley Byrne,house,R,RepByrne,office
Felix Moore,house,R,BarryMoore,campaign
Felix Moore,house,R,RepBarryMoore,office
Gary Palmer,house,R,Palmer4Alabama,campaign
Gary Palmer,house,R,USRepGaryPalmer,office
Jerry Carl,house,R,CarlForAlabama,campaign
Jerry Carl,house,R,RepJerryCarl,office
Martha Roby,house,R,TeamRoby,campaign
Martha Roby,house,R,MarthaRobyAL,office
Mike Rogers,house,R,RepMikeRogersAL,office
Mike Rogers,house,R,MikeRogersCamp,campaign
Mo Brooks,house,R,Mobrooks,campaign
Mo Brooks,house,R,RepMoBrooks,office
Robert Aderholt,house,R,Robert_Aderholt,office
Robert Aderholt,house,R,CongAderholt,campaign
Terri Sewell,house,D,Sewell4Congress,campaign
Terri Sewell,house,D,RepTerriSewell,office
Bruce Westerman,house,R,bruce_westerman,campaign
Bruce Westerman,house,R,WestermanAR,campaign
Bruce Westerman,house,R,RepWesterman,office
French Hill,house,R,ElectFrench,campaign
French Hill,house,R,RepFrenchHill,office
Rick Crawford,house,R,Crawford4Cong,campaign
Rick Crawford,house,R,RepRickCrawford,office
Steve Womack,house,R,womack4congress,campaign
Steve Womack,house,R,rep_stevewomack,office
Amata Coleman Radewagen,house,R,RepAmata,office
Andy Biggs,house,R,RepAndyBiggsAZ,office
Andy Biggs,house,R,andybiggs4az,campaign
Ann Kirkpatrick,house,D,Ann_Kirkpatrick,campaign
Ann Kirkpatrick,house,D,RepKirkpatrick,office
David Schweikert,house,R,DavidSchweikert,campaign
David Schweikert,house,R,RepDavid,office
Debbie Lesko,house,R,DebbieLesko,campaign
Debbie Lesko,house,R,RepDLesko,office
Greg Stanton,house,D,gregstantonaz,campaign
Greg Stanton,house,D,RepGregStanton,office
Paul Gosar,house,R,RepGosar,office
Paul Gosar,house,R,DrPaulGosar,campaign
Raul Grijalva,house,D,RepRaulGrijalva,office
Raul Grijalva,house,D,standwithraul,campaign
Ruben Gallego,house,D,RubenGallego,campaign
Ruben Gallego,house,D,RepRubenGallego,office
Tom O'Halleran,house,D,TomOHalleran,campaign
Tom O'Halleran,house,D,RepOHalleran,office
Trent Franks,house,R,RepTrentFranks,office
Adam Schiff,house,D,RepAdamSchiff,office
Adam Schiff,house,D,AdamSchiff,campaign
Alan Lowenthal,house,D,alanlowenthal,campaign
Alan Lowenthal,house,D,RepLowenthal,office
Ami Bera,house,D,BeraForCongress,campaign
Ami Bera,house,D,RepBera,office
Anna Eshoo,house,D,RepAnnaEshoo,office
Anna Eshoo,house,D,Eshoo4Congress,campaign
Barbara Lee,house,D,BarbaraLeeSays,campaign
Barbara Lee,house,D,RepBarbaraLee,office
Barbara Lee,house,D,BLeeForCongress,campaign
Brad Sherman,house,D,BradSherman,office
Brad Sherman,house,D,BradSherman4SFV,campaign
Dana Rohrabacher,house,R,DanaRohrabacher,campaign
Dana Rohrabacher,house,R,RepRohrabacher,office
Darrell Issa,house,R,DarrellIssa,office
Darrell Issa,house,R,repdarrellissa,campaign
David Valadao,house,R,dgvaladao,campaign
David Valadao,house,R,RepDavidValadao,office
Devin Nunes,house,R,DevinNunes,office
Devin Nunes,house,R,RepDevinNunes,office
Devin Nunes,house,R,DevinGNunes,campaign
Doris Matsui,house,D,DorisMatsui,office
Doris Matsui,house,D,Matsui4Congress,campaign
Doug LaMalfa,house,R,DougLaMalfa,campaign
Doug LaMalfa,house,R,RepLaMalfa,office
Duncan Hunter,house,R,Rep_Hunter,office
Ed Royce,house,R,EdRRoyce,campaign
Ed Royce,house,R,RepEdRoyce,office
Eric Swalwell,house,D,ericswalwell,campaign
Eric Swalwell,house,D,RepSwalwell,office
Gil Cisneros,house,D,RepGilCisneros,office
Gil Cisneros,house,D,GilCisnerosCA,campaign
Grace Napolitano,house,D,gracenapolitano,office
Grace Napolitano,house,D,grace4congress,campaign
Harley Rouda,house,D,HarleyRouda,campaign
Harley Rouda,house,D,RepHarley,office
Jackie Speier,house,D,RepSpeier,office
Jackie Speier,house,D,JackieSpeier,campaign
Jared Huffman,house,D,JaredHuffman,campaign
Jared Huffman,house,D,RepHuffman,office
Jay Obernolte,house,R,JayObernolte,office
Jay Obernolte,house,R,TeamObernolte,campaign
Jeff Denham,house,R,JeffDenham,campaign
Jeff Denham,house,R,RepJeffDenham,office
Jerry McNerney,house,D,jerrymcnerney,campaign
Jerry McNerney,house,D,RepMcNerney,office
Jim Costa,house,D,RepJimCosta,office
Jimmy Gomez,house,D,JimmyGomezCA,campaign
Jimmy Gomez,house,D,RepJimmyGomez,office
Jimmy Panetta,house,D,JimmyPanetta,campaign
Jimmy Panetta,house,D,RepJimmyPanetta,office
John Garamendi,house,D,JohnGaramendi,campaign
John Garamendi,house,D,RepGaramendi,office
Josh Harder,house,D,JoshHarder,campaign
Josh Harder,house,D,RepJoshHarder,office
Juan Vargas,house,D,RepJuanVargas,office
Juan Vargas,house,D,JuanVargas4CA,campaign
Judy Chu,house,D,RepJudyChu,office
Judy Chu,house,D,JudyChuCampaign,campaign
Julia Brownley,house,D,JuliaBrownley,campaign
Julia Brownley,house,D,RepBrownley,office
Karen Bass,house,D,KarenBassTweets,campaign
Karen Bass,house,D,RepKarenBass,office
Katie Hill,house,D,RepKatieHill,office
Katie Hill,house,D,KatieHill4CA,campaign
Katie Porter,house,D,katieporteroc,campaign
Katie Porter,house,D,RepKatiePorter,office
Ken Calvert,house,R,KenCalvert,office
Ken Calvert,house,R,TeamCalvert,campaign
Kevin McCarthy,house,R,kevinomccarthy,campaign
Kevin McCarthy,house,R,GOPLeader,office
Linda Sanchez,house,D,RepLindaSanchez,office
Linda Sanchez,house,D,LindaTSanchez,campaign
Lou Correa,house,D,RepLouCorrea,office
Lou Correa,house,D,voteloucorrea,campaign
Lucille Roybal-Allard,house,D,RepRoybalAllard,office
Lucille Roybal-Allard,house,D,LRAforCongress,campaign
Mark DeSaulnier,house,D,MarkDeSaulnier,campaign
Mark DeSaulnier,house,D,RepDeSaulnier,office
Mark Takano,house,D,MarkTakano,campaign
Mark Takano,house,D,RepMarkTakano,office
Maxine Waters,house,D,RepMaxineWaters,office
Maxine Waters,house,D,MaxineWaters,campaign
Michelle Steel,house,R,RepSteel,office
Michelle Steel,house,R,MichelleSteelCA,campaign
Mike Garcia,house,R,ElectMikeGarcia,campaign
Mike Garcia,house,R,repmikegarcia,office
Mike Levin,house,D,MikeLevin,campaign
Mike Levin,house,D,RepMikeLevin,office
Mike Thompson,house,D,RepThompson,office
Mike Thompson,house,D,Mike_CA05,campaign
Mimi Walters,house,R,RepMimiWalters,office
Mimi Walters,house,R,MimiWaltersCA,campaign
Nancy Pelosi,house,D,SpeakerPelosi,office
Nancy Pelosi,house,D,TeamPelosi,campaign
Nanette Barragan,house,D,Nanette4CA,campaign
Nanette Barragan,house,D,RepBarragan,office
Norma Torres,house,D,NormaJTorres,office
Norma Torres,house,D,Norma4Congress,campaign
Paul Cook,house,R,joinpaulcook,campaign
Paul Cook,house,R,ColPaulCookRet,office
Pete Aguilar,house,D,aguilarpete,campaign
Pete Aguilar,house,D,RepPeteAguilar,office
Pete Aguilar,house,D,AguilarCampaign,campaign
Raul Ruiz,house,D,Dr_RaulRuiz,campaign
Raul Ruiz,house,D,RepRaulRuizMD,office
Ro Khanna,house,D,RoKhanna,campaign
Ro Khanna,house,D,RepRoKhanna,office
Salud Carbajal,house,D,carbajalsalud,campaign
Salud Carbajal,house,D,RepCarbajal,office
Sara Jacobs,house,D,SaraJacobsCA,campaign
Sara Jacobs,house,D,RepSaraJacobs,office
Scott Peters,house,D,ScottPetersSD,campaign
Scott Peters,house,D,ScottPetersCA52,campaign
Scott Peters,house,D,RepScottPeters,office
Steve Knight,house,R,Knight4Congress,campaign
Steve Knight,house,R,SteveKnight25,office
Steve Knight,house,R,teamknight25,campaign
Susan Davis,house,D,RepSusanDavis,office
TJ Cox,house,D,RepTjCox,office
TJ Cox,house,D,TJCoxCongress,campaign
Ted Lieu,house,D,tedlieu,campaign
Ted Lieu,house,D,RepTedLieu,office
Tom McClintock,house,R,tommcclintock,campaign
Tom McClintock,house,R,RepMcClintock,office
Tony Cardenas,house,D,RepCardenas,office
Tony Cardenas,house,D,Tcardenas,campaign
Young Kim,house,R,YoungKimCA,campaign
Young Kim,house,R,RepYoungKim,office
Zoe Lofgren,house,D,RepZoeLofgren,office
Zoe Lofgren,house,D,ZoeLofgren,campaign
Diana DeGette,house,D,RepDianaDeGette,office
Diana DeGette,house,D,DeGette5280,campaign
Doug Lamborn,house,R,DougLambornCD5,campaign
Doug Lamborn,house,R,RepDLamborn,office
Ed Perlmutter,house,D,RepPerlmutter,office
Ed Perlmutter,house,D,Ed4Colorado,campaign
Jared Polis,house,D,jaredpolis,office
Jared Polis,house,D,RepJaredPolis,office
Jason Crow,house,D,RepJasonCrow,office
Jason Crow,house,D,JasonCrowCO,campaign
Joe Neguse,house,D,JoeNeguse,campaign
Joe Neguse,house,D,RepJoeNeguse,office
Ken Buck,house,R,BuckForColorado,campaign
Ken Buck,house,R,RepKenBuck,office
Lauren Boebert,house,R,RepBoebert,office
Lauren Boebert,house,R,laurenboebert,campaign
Mike Coffman,house,R,RepMikeCoffman,office
Mike Coffman,house,R,coffmanforco,campaign
Scott Tipton,house,R,ScottRTipton,campaign
Scott Tipton,house,R,RepTipton,office
Elzabeth Esty,house,D,ElizabethEstyCT,campaign
Elzabeth Esty,house,D,RepEsty,office
Jahana Hayes,house,D,RepJahanaHayes,office
Jahana Hayes,house,D,JahanaHayesCT,campaign
Jahana Hayes,house,D,JahanaHayes,campaign
Jim Himes,house,D,jahimes,office
Joe Courtney,house,D,RepJoeCourtney,office
Joe Courtney,house,D,JoeCourtneyCT,campaign
John B. Larson,house,D,RepJohnLarson,office
John B. Larson,house,D,JohnLarsonCT,campaign
Rosa DeLauro,house,D,rosadelauro,office
Rosa DeLauro,house,D,Rosa_DeLauro,campaign
Eleanor Holmes Norton,house,D,EleanorNorton,office
Eleanor Holmes Norton,house,D,eleanor4dc,campaign
Lisa Blunt Rochester,house,D,LisaBRochester,campaign
Lisa Blunt Rochester,house,D,RepLBR,office
Al Lawson,house,D,AlLawsonJr,campaign
Al Lawson,house,D,RepAlLawsonJr,office
Alcee Hastings,house,D,alcee4congress,campaign
Alcee Hastings,house,D,RepHastingsFL,office
Bill Posey,house,R,congbillposey,office
Bill Posey,house,R,PoseyCampaign,campaign
Brian Mast,house,R,BrianMastFL,campaign
Brian Mast,house,R,RepBrianMast,office
Byron Donalds,house,R,ByronDonalds,campaign
Byron Donalds,house,R,RepDonaldsPress,office
Carlos Curbelo,house,R,CLCurbelo,campaign
Carlos Curbelo,house,R,RepCurbelo,office
Carlos Gimenez,house,R,RepCarlos,office
Carlos Gimenez,house,R,CarlosGimenezFL,campaign
Charlie Crist,house,D,CharlieCrist,campaign
Charlie Crist,house,D,RepCharlieCrist,office
Daniel Webster,house,R,WebsterCongress,campaign
Daniel Webster,house,R,RepWebster,office
Darren Soto,house,D,DarrenSoto,campaign
Darren Soto,house,D,RepDarrenSoto,office
Debbie Mucarsel-Powell,house,D,RepDMP,office
Debbie Mucarsel-Powell,house,D,DebbieforFL,campaign
Debbie Wasserman Schultz,house,D,DWStweets,campaign
Debbie Wasserman Schultz,house,D,RepDWStweets,office
Dennis A. Ross,house,R,RepDennisRoss,office
Donna Shalala,house,D,RepShalala,office
Donna Shalala,house,D,DonnaShalala,campaign
Francis Rooney,house,R,RepRooney,office
Francis Rooney,house,R,FrancisRooney,campaign
Frederica Wilson,house,D,RepWilson,office
Frederica Wilson,house,D,TeamFSWilson,campaign
Greg Steube,house,R,gregsteube,campaign
Greg Steube,house,R,RepGregSteube,office
Gus Bilirakis,house,R,RepGusBilirakis,office
Gus Bilirakis,house,R,Bilirakis,campaign
Ileana Ros-Lehtinen,house,R,RosLehtinenCamp,campaign
Ileana Ros-Lehtinen,house,R,RosLehtinen,office
John Rutherford,house,R,RepRutherfordFL,office
John Rutherford,house,R,JRutherfordFL,campaign
Katherine Cammack,house,R,RepKatCammack,office
Katherine Cammack,house,R,Kat_Cammack,campaign
Kathy Castor,house,D,USRepKCastor,office
Kathy Castor,house,D,KathyCastorFL,campaign
Lois Frankel,house,D,LoisFrankel,campaign
Lois Frankel,house,D,RepLoisFrankel,office
Maria Salazar,house,R,MaElviraSalazar,campaign
Maria Salazar,house,R,RepMariaSalazar,office
Mario Diaz-Balart,house,R,MarioDB,office
Mario Diaz-Balart,house,R,MarioDBCamp,campaign
Matt Gaetz,house,R,mattgaetz,campaign
Matt Gaetz,house,R,RepMattGaetz,office
Michael Waltz,house,R,michaelgwaltz,campaign
Michael Waltz,house,R,RepWaltzPress,office
Neal Dunn,house,R,DrNealDunn,campaign
Neal Dunn,house,R,DunnCampaign,campaign
Neal Dunn,house,R,DrNealDunnFL2,office
Ron DeSantis,house,R,RonDeSantisFL,campaign
Ron DeSantis,house,R,RepDeSantis,office
Ross Spano,house,R,RossSpano,campaign
Ross Spano,house,R,RepRossSpano,office
Scott Franklin,house,R,RepFranklin,office
Scott Franklin,house,R,ScottFranklinFL,campaign
Stephanie Murphy,house,D,RepStephMurphy,office
Stephanie Murphy,house,D,SMurphyCongress,campaign
Ted Deutch,house,D,TedDeutch,campaign
Ted Deutch,house,D,TedforCongress,campaign
Ted Deutch,house,D,RepTedDeutch,office
Ted Yoho,house,R,TedYoho,campaign
Ted Yoho,house,R,RepTedYoho,office
Tom Rooney,house,R,TomRooney,office
Tom Rooney,house,R,Rooney4Congress,campaign
Val Demings,house,D,val_demings,campaign
Val Demings,house,D,RepValDemings,office
Vern Buchanan,house,R,VernBuchanan,office
Vern Buchanan,house,R,Vern2014,campaign
Austin Scott,house,R,AustinScott4GA,campaign
Austin Scott,house,R,AustinScottGA08,office
Barry Loudermilk,house,R,standwithbarry,campaign
Barry Loudermilk,house,R,RepLoudermilk,office
Buddy Carter,house,R,Buddy_Carter,campaign
Buddy Carter,house,R,Carter4Congress,campaign
Buddy Carter,house,R,RepBuddyCarter,office
Carolyn Bourdeaux,house,D,RepBourdeaux,office
Carolyn Bourdeaux,house,D,Carolyn4GA7,campaign
David Scott,house,D,repdavidscott,office
David Scott,house,D,Electdavidscott,campaign
Doug Collins,house,R,CollinsforGA,campaign
Doug Collins,house,R,RepDougCollins,office
Drew Ferguson,house,R,RepDrewFerguson,office
Drew Ferguson,house,R,DrewFergusonGA,campaign
Hank Johnson,house,D,RepHankJohnson,office
Hank Johnson,house,D,ReElectHank,campaign
Jody Hice,house,R,jodyhice,campaign
Jody Hice,house,R,CongressmanHice,office
John Lewis,house,D,repjohnlewis,office
Karen Handel,house,R,karenhandel,campaign
Karen Handel,house,R,TeamHandel,campaign
Karen Handel,house,R,RepKHandel,office
Kwanza Hall,house,D,kwanzahall,campaign
Lucy McBath,house,D,lucymcbath_,campaign
Lucy McBath,house,D,replucymcbath,office
Lucy McBath,house,D,lucymcbath,campaign
Marjorie Greene,house,R,RepMTG,office
Marjorie Greene,house,R,mtgreenee,campaign
Nikema Williams,house,D,NikemaWilliams,campaign
Nikema Williams,house,D,RepNikema,office
Rick W. Allen,house,R,rickallen,campaign
Rick W. Allen,house,R,RepRickAllen,office
Rob Woodall,house,R,RepRobWoodall,office
Rob Woodall,house,R,WoodallGA,campaign
Sanford Bishop,house,D,SanfordBishop,office
Tom Graves,house,R,TomGravesGA14,campaign
Tom Graves,house,R,RepTomGraves,office
Michael San Nicolas,house,D,GuamCongressman,office
Colleen Hanabusa,house,D,ColleenHanabusa,campaign
Colleen Hanabusa,house,D,RepHanabusa,office
Ed Case,house,D,EdCaseHawaii,campaign
Ed Case,house,D,RepEdCase,office
Kaialiʻi Kahele,house,D,RepKahele,office
Kaialiʻi Kahele,house,D,kaikahele,campaign
Tulsi Gabbard,house,D,TulsiGabbard,campaign
Tulsi Gabbard,house,D,TulsiPress,office
Abby Finkenauer,house,D,Abby4Iowa,campaign
Abby Finkenauer,house,D,RepFinkenauer,office
Ashley Hinson,house,R,hinsonashley,campaign
Ashley Hinson,house,R,RepAshleyHinson,office
Cindy Axne,house,D,RepCindyAxne,office
Cindy Axne,house,D,Axne4Congress,campaign
Dave Loebsack,house,D,daveloebsack,office
Dave Loebsack,house,D,DaveForIowa,campaign
David Young,house,R,RepDavidYoung,office
David Young,house,R,YoungForIowa,campaign
David Young,house,R,DavidYoungIA,campaign
Mariannette Miller-Meeks,house,R,millermeeks,campaign
Mariannette Miller-Meeks,house,R,RepMMM,office
Randy Feenstra,house,R,RandyFeenstra,campaign
Randy Feenstra,house,R,RepFeenstra,office
Rod Blum,house,R,RodBlum,campaign
Rod Blum,house,R,RepRodBlum,office
Steve King,house,R,SteveKingIA,office
Steve King,house,R,KingforCongress,campaign
Mike Simpson,house,R,CongMikeSimpson,office
Mike Simpson,house,R,MikeSimpson4ID,campaign
Raul Labrador,house,R,RaulLabrador4ID,campaign
Raul Labrador,house,R,Raul_Labrador,office
Russ Fulcher,house,R,RussFulcher,campaign
Russ Fulcher,house,R,RepRussFulcher,office
Adam Kinzinger,house,R,AdamKinzinger,campaign
Adam Kinzinger,house,R,RepKinzinger,office
Bill Foster,house,D,Foster4Congress,campaign
Bill Foster,house,D,RepBillFoster,office
Bobby Rush,house,D,RepBobbyRush,office
Bobby Rush,house,D,BobbyLRushMC,campaign
Bobby Rush,house,D,bobbyrushfor1st,campaign
Brad Schneider,house,D,Schneider4IL10,campaign
Brad Schneider,house,D,RepSchneider,office
Cheri Bustos,house,D,CheriBustos,campaign
Cheri Bustos,house,D,RepCheri,office
Chuy Garcia,house,D,ChuyForCongress,campaign
Chuy Garcia,house,D,RepChuyGarcia,office
Dan Lipinski,house,D,RepLipinski,office
Dan Lipinski,house,D,DanLipinski,campaign
Danny K. Davis,house,D,RepDannyDavis,office
Danny K. Davis,house,D,DannyKDavis7th,campaign
Darin LaHood,house,R,ElectLaHood,campaign
Darin LaHood,house,R,RepLaHood,office
Jan Schakowsky,house,D,janschakowsky,office
Jan Schakowsky,house,D,RepSchakowsky,campaign
John Shimkus,house,R,RepShimkus,office
John Shimkus,house,R,JohnMShimkus,campaign
Lauren Underwood,house,D,RepUnderwood,office
Lauren Underwood,house,D,LaurenUnderwood,campaign
Luis Gutiérrez,house,D,RepGutierrez,office
Luis Gutiérrez,house,D,LuisGutierrez,campaign
Marie Newman,house,D,Marie4Congress,campaign
Marie Newman,house,D,RepMarieNewman,office
Mary Miller,house,R,RepMaryMiller,office
Mary Miller,house,R,Miller_Congress,campaign
Mike Bost,house,R,BostForCongress,campaign
Mike Bost,house,R,RepBost,office
Mike Quigley,house,D,QuigleyCampaign,campaign
Mike Quigley,house,D,RepMikeQuigley,office
Peter Roskam,house,R,PeterRoskam,office
Raja Krishnamoorthi,house,D,RajaForCongress,campaign
Raja Krishnamoorthi,house,D,CongressmanRaja,office
Randy Hultgren,house,R,RandyHultgren,campaign
Randy Hultgren,house,R,RepHultgren,office
Robin Kelly,house,D,RobinLynneKelly,campaign
Robin Kelly,house,D,RepRobinKelly,office
Rodney Davis,house,R,ElectRodney,campaign
Rodney Davis,house,R,RodneyDavis,office
Sean Casten,house,D,SeanCasten,campaign
Sean Casten,house,D,RepCasten,office
Sean Casten,house,D,VoteCasten,campaign
Andre Carson,house,D,RepAndreCarson,office
Andre Carson,house,D,Andre4Congress,campaign
Frank Mrvan,house,D,RepMrvan,office
Greg Pence,house,R,RepGregPence,office
Greg Pence,house,R,GregPenceIN,campaign
Jackie Walorski,house,R,jackiewalorski,campaign
Jackie Walorski,house,R,StandWithJackie,campaign
Jackie Walorski,house,R,RepWalorski,office
Jim Baird,house,R,ElectJimBaird,campaign
Jim Baird,house,R,repjimbaird,office
Jim Banks,house,R,Jim_Banks,campaign
Jim Banks,house,R,RepJimBanks,office
Larry Bucshon,house,R,DrLarryBucshon,campaign
Larry Bucshon,house,R,RepLarryBucshon,office
Luke Messer,house,R,LukeMesserIN,campaign
Luke Messer,house,R,RepLukeMesser,office
Pete Visclosky,house,D,RepVisclosky,office
Pete Visclosky,house,D,TeamVisclosky,campaign
Susan Brooks,house,R,SusanBrooksIN,campaign
Susan Brooks,house,R,SusanWBrooks,office
Todd Rokita,house,R,ToddRokita,office
Todd Rokita,house,R,ToddRokitaIN,campaign
Trey Hollingsworth,house,R,VoteForTrey,campaign
Trey Hollingsworth,house,R,RepTrey,office
Victoria Spartz,house,R,Victoria_Spartz,campaign
Victoria Spartz,house,R,RepSpartz,office
Jacob LaTurner,house,R,RepLaTurner,office
Jacob LaTurner,house,R,JakeLaTurner,campaign
Kevin Yoder,house,R,KevinYoder,campaign
Kevin Yoder,house,R,RepKevinYoder,office
Lynn Jenkins,house,R,RepLynnJenkins,office
Lynn Jenkins,house,R,lynnjenkins,campaign
Ron Estes,house,R,RepRonEstes,office
Ron Estes,house,R,RonEstesKS,campaign
Sharice Davids,house,D,repdavids,office
Sharice Davids,house,D,sharicedavids,campaign
Steve Watkins,house,R,Steve4Kansas,campaign
Steve Watkins,house,R,Rep_Watkins,office
Tracey Mann,house,R,RepMann,office
Tracey Mann,house,R,TraceyMannKS,campaign
Andy Barr,house,R,barrforcongress,campaign
Andy Barr,house,R,RepAndyBarr,office
Brett Guthrie,house,R,brettguthrie,campaign
Brett Guthrie,house,R,RepGuthrie,office
Hal Rogers,house,R,RepHalRogers,office
Hal Rogers,house,R,HalRogersKY5,campaign
James Comer,house,R,JamesComer,campaign
James Comer,house,R,RepJamesComer,office
John Yarmuth,house,D,RepJohnYarmuth,office
Thomas Massie,house,R,ThomasMassieKY,campaign
Thomas Massie,house,R,RepThomasMassie,office
Thomas Massie,house,R,MassieforKY,campaign
Cedric Richmond,house,D,CedricRichmond,campaign
Cedric Richmond,house,D,RepRichmond,office
Clay Higgins,house,R,RepClayHiggins,office
Clay Higgins,house,R,CaptClayHiggins,campaign
Garret Graves,house,R,garretgraves,campaign
Garret Graves,house,R,RepGarretGraves,office
Mike Johnson,house,R,RepMikeJohnson,office
Mike Johnson,house,R,MikeJohnson,campaign
Ralph Abraham,house,R,DocAbraham,campaign
Ralph Abraham,house,R,RepAbraham,office
Steve Scalise,house,R,SteveScalise,office
Steve Scalise,house,R,SteveScaliseGOP,campaign
Ayanna Pressley,house,D,AyannaPressley,campaign
Ayanna Pressley,house,D,RepPressley,office
Bill Keating,house,D,WilliamKeating,campaign
Bill Keating,house,D,USRepKeating,office
Jake Auchincloss,house,D,RepAuchincloss,office
Jake Auchincloss,house,D,JakeAuch,campaign
Jim McGovern,house,D,McGovernMA,campaign
Jim McGovern,house,D,RepMcGovern,office
Joseph Kennedy III,house,D,joekennedy,campaign
Joseph Kennedy III,house,D,RepJoeKennedy,office
Katherine Clark,house,D,KatherineClark,campaign
Katherine Clark,house,D,RepKClark,office
Lori Trahan,house,D,latrahan,campaign
Lori Trahan,house,D,RepLoriTrahan,office
Lori Trahan,house,D,LoriTrahanMA,campaign
Mike Capuano,house,D,mikecapuano,campaign
Mike Capuano,house,D,RepMikeCapuano,office
Niki Tsongas,house,D,ntsongas,campaign
Niki Tsongas,house,D,nikiinthehouse,office
Richard Neal,house,D,RepRichardNeal,office
Richard Neal,house,D,NealForCongress,campaign
Seth Moulton,house,D,sethmoulton,campaign
Seth Moulton,house,D,teammoulton,office
Stephen Lynch,house,D,RepLynch,campaign
Stephen Lynch,house,D,RepStephenLynch,office
Andy Harris,house,R,Harris4Congress,campaign
Andy Harris,house,R,RepAndyHarrisMD,office
Anthony G. Brown,house,D,AnthonyBrownMD4,campaign
Anthony G. Brown,house,D,RepAnthonyBrown,office
David Trone,house,D,repdavidtrone,office
David Trone,house,D,davidjtrone,campaign
Dutch Ruppersberger,house,D,Call_Me_Dutch,office
Dutch Ruppersberger,house,D,GoDutchForMD,campaign
Elijah Cummings,house,D,RepCummings,office
Elijah Cummings,house,D,ReElectCummings,campaign
Jamie Raskin,house,D,jamie_raskin,campaign
Jamie Raskin,house,D,RepRaskin,office
John Delaney,house,D,JohnKDelaney,campaign
John Delaney,house,D,RepJohnDelaney,office
John Sarbanes,house,D,JohnSarbanes,campaign
John Sarbanes,house,D,RepSarbanes,office
Kweisi Mfume,house,D,Mfume4Congress,campaign
Kweisi Mfume,house,D,RepKweisiMfume,office
Steny Hoyer,house,D,LeaderHoyer,office
Steny Hoyer,house,D,StenyHoyer,campaign
Bruce Poliquin,house,R,BrucePoliquin,campaign
Bruce Poliquin,house,R,RepPoliquin,office
Chellie Pingree,house,D,chelliepingree,office
Chellie Pingree,house,D,PingreeForME,campaign
Jared Golden,house,D,repgolden,office
Jared Golden,house,D,golden4congress,campaign
Andy Levin,house,D,Andy_Levin,campaign
Andy Levin,house,D,RepAndyLevin,office
Bill Huizenga,house,R,billhuizenga,campaign
Bill Huizenga,house,R,RepHuizenga,office
Brenda Jones,house,D,VoteBrendaJones,campaign
Brenda Lawrence,house,D,BrendaLLawrence,campaign
Brenda Lawrence,house,D,RepLawrence,office
Dan Kildee,house,D,dankildee,campaign
Dan Kildee,house,D,RepDanKildee,office
Dave Trott,house,R,MIDaveTrott,office
Debbie Dingell,house,D,DebDingell,campaign
Debbie Dingell,house,D,RepDebDingell,office
Elissa Slotkin,house,D,RepSlotkin,office
Elissa Slotkin,house,D,ElissaSlotkin,campaign
Fred Upton,house,R,RepFredUpton,office
Fred Upton,house,R,UptonForAllOfUs,campaign
Haley Stevens,house,D,HaleyLive,campaign
Haley Stevens,house,D,RepHaleyStevens,office
Jack Bergman,house,R,RepJackBergman,office
Jack Bergman,house,R,JackBergman_MI1,campaign
John Conyers,house,D,RepJohnConyers,office
John Conyers,house,D,johnconyersjr,campaign
John Moolenaar,house,R,JohnMoolenaar,campaign
John Moolenaar,house,R,RepMoolenaar,office
Justin Amash,house,L,justinamash,office
Justin Amash,house,L,teamamash,campaign
Justin Amash,house,L,amashoffice,office
Lisa McClain,house,R,RepLisaMcClain,office
Lisa McClain,house,R,LisaForCongress,campaign
Mike Bishop,house,R,MikeBishopMI,campaign
Mike Bishop,house,R,ElectMikeBishop,campaign
Mike Bishop,house,R,RepMikeBishop,office
Paul Mitchell,house,I,PaulMitchell4us,campaign
Paul Mitchell,house,I,RepPaulMitchell,office
Peter Meijer,house,R,RepMeijer,office
Peter Meijer,house,R,VoteMeijer,campaign
Rashida Tlaib,house,D,RashidaTlaib,campaign
Rashida Tlaib,house,D,RepRashida,office
Sander Levin,house,D,repsandylevin,office
Sander Levin,house,D,Levin4Congress,campaign
Tim Walberg,house,R,TimWalberg,campaign
Tim Walberg,house,R,RepWalberg,office
Angie Craig,house,D,AngieCraigMN,campaign
Angie Craig,house,D,RepAngieCraig,office
Betty McCollum,house,D,VoteBetty,campaign
Betty McCollum,house,D,BettyMcCollum04,office
Collin Peterson,house,D,collinpeterson,campaign
Dean Phillips,house,D,deanbphillips,campaign
Dean Phillips,house,D,RepDeanPhillips,office
Erik Paulsen,house,R,ErikPaulsen,office
Erik Paulsen,house,R,Erik_Paulsen,campaign
Ilhan Omar,house,D,IlhanMN,campaign
Ilhan Omar,house,D,Ilhan,office
Jason Lewis,house,R,Jason2CD,campaign
Jason Lewis,house,R,RepJasonLewis,office
Jim Hagedorn,house,R,JimHagedornMN,campaign
Jim Hagedorn,house,R,RepHagedorn,office
Keith Ellison,house,D,keithellison,office
Keith Ellison,house,D,EllisonCampaign,campaign
Michelle Fischbach,house,R,RepFischbach,office
Michelle Fischbach,house,R,FischbachMN7,campaign
Pete Stauber,house,R,RepPeteStauber,office
Pete Stauber,house,R,PeteStauber,campaign
Rick Nolan,house,D,USRepRickNolan,office
Tim Walz,house,D,RepTimWalz,office
Tom Emmer,house,R,tomemmer,campaign
Tom Emmer,house,R,RepTomEmmer,office
Tom Emmer,house,R,EMMERPAC,campaign
Ann Wagner,house,R,AnnLWagner,campaign
Ann Wagner,house,R,RepAnnWagner,office
Billy Long,house,R,auctnr1,campaign
Billy Long,house,R,USRepLong,office
Blaine Luetkemeyer,house,R,RepBlaine,office
Blaine Luetkemeyer,house,R,LuetkemeyerB,campaign
Cori Bush,house,D,RepCori,office
Cori Bush,house,D,CoriBush,campaign
Emanuel Cleaver,house,D,repcleaver,office
Emanuel Cleaver,house,D,Vote4Cleaver,campaign
Jason Smith,house,R,JasonSmithMO,campaign
Jason Smith,house,R,RepJasonSmith,office
Lacy Clay,house,D,LacyClayMO1,campaign
Sam Graves,house,R,RepSamGraves,office
Vicky Hartzler,house,R,VickyHartzler,campaign
Vicky Hartzler,house,R,RepHartzler,office
Vicky Hartzler,house,R,VickyH4Congress,campaign
Gregorio Sablan,house,D,Kilili_Sablan,office
Bennie Thompson,house,D,BennieGThompson,office
Bennie Thompson,house,D,BGThompsonMS,campaign
Gregg Harper,house,R,GreggHarper,office
Gregg Harper,house,R,HarperCampaign,campaign
Michael Guest,house,R,RepMichaelGuest,office
Michael Guest,house,R,GuestCongress,campaign
Steven Palazzo,house,R,StevenPalazzo,campaign
Steven Palazzo,house,R,CongPalazzo,office
Trent Kelly,house,R,KellyforMS01,campaign
Trent Kelly,house,R,RepTrentKelly,office
Greg Gianforte,house,R,gianforte,office
Greg Gianforte,house,R,GregForMontana,campaign
Matthew Rosendale,house,R,MattForMontana,campaign
Matthew Rosendale,house,R,RepRosendale,office
Alma Adams,house,D,AlmaforCongress,campaign
Alma Adams,house,D,RepAdams,office
Dan Bishop,house,R,jdanbishop,campaign
Dan Bishop,house,R,RepDanBishop,office
David Cawthorn,house,R,RepCawthorn,office
David Cawthorn,house,R,CawthornforNC,campaign
David Price,house,D,RepDavidEPrice,office
David Price,house,D,DPrice4Congress,campaign
David Rouzer,house,R,DavidRouzer,campaign
David Rouzer,house,R,RepDavidRouzer,office
Deborah Ross,house,D,DeborahRossNC,campaign
Deborah Ross,house,D,RepDeborahRoss,office
G.K. Butterfield,house,D,GKButterfield,office
George Holding,house,R,GeorgeHolding,campaign
George Holding,house,R,RepHolding,office
Greg Murphy,house,R,RepGregMurphy,office
Greg Murphy,house,R,GregMurphyMD,campaign
Kathy Manning,house,D,RepKManning,office
Kathy Manning,house,D,KathyManningNC,campaign
Mark Meadows,house,R,TeamMeadows,campaign
Mark Meadows,house,R,MarkMeadows,office
Mark Meadows,house,R,Ma_15855744287,campaign
Mark Walker,house,R,Walker4NC,campaign
Mark Walker,house,R,RepMarkWalker,office
Patrick McHenry,house,R,PatrickMcHenry,office
Patrick McHenry,house,R,McHenryCampaign,campaign
Richard Hudson,house,R,RichHudson,campaign
Richard Hudson,house,R,RepRichHudson,office
Robert Pittenger,house,R,RobertPittenger,campaign
Robert Pittenger,house,R,reppittenger,office
Ted Budd,house,R,RepTedBudd,office
Ted Budd,house,R,TedBuddNC,campaign
Virginia Foxx,house,R,virginiafoxx,office
Virginia Foxx,house,R,foxxforcongress,campaign
Walter B. Jones,house,R,RepWalterJones,office
Walter B. Jones,house,R,WalterJones2018,campaign
Kelly Armstrong,house,R,RepArmstrongND,office
Kelly Armstrong,house,R,Armstrong_ND,campaign
Adrian Smith,house,R,RepAdrianSmith,office
Don Bacon,house,R,DonJBacon,campaign
Don Bacon,house,R,RepDonBacon,office
Jeff Fortenberry,house,R,JeffFortenberry,office
Jeff Fortenberry,house,R,supportfortNE,campaign
Annie Kuster,house,D,AnnMcLaneKuster,campaign
Annie Kuster,house,D,RepAnnieKuster,office
Carol Shea-Porter,house,D,RepSheaPorter,office
Carol Shea-Porter,house,D,TeamSheaPorter,campaign
Chris Pappas,house,D,ChrisPappasNH,campaign
Chris Pappas,house,D,RepChrisPappas,office
Chris Pappas,house,D,TeamPappasNH,campaign
Albio Sires,house,D,RepSires,office
Albio Sires,house,D,AlbioSiresNJ,campaign
Andy Kim,house,D,AndyKimNJ,campaign
Andy Kim,house,D,RepAndyKimNJ,office
Bill Pascrell,house,D,BillPascrell,office
Bill Pascrell,house,D,PascrellforNJ,campaign
Bonnie Watson Coleman,house,D,Bonnie4Congress,campaign
Bonnie Watson Coleman,house,D,RepBonnie,office
Chris Smith,house,R,RepChrisSmith,office
Donald Norcross,house,D,DonNorcross4NJ,campaign
Donald Norcross,house,D,DonaldNorcross,office
Donald Payne Jr,house,D,DonaldPayneJr,campaign
Donald Payne Jr,house,D,RepDonaldPayne,office
Frank LoBiondo,house,R,TeamLoBiondo,campaign
Frank LoBiondo,house,R,RepLoBiondo,office
Frank Pallone,house,D,FrankPallone,office
Frank Pallone,house,D,pallonefornj,campaign
Jeff Van Drew,house,R,CongressmanJVD,office
Jeff Van Drew,house,R,VanDrewForNJ,campaign
Josh Gottheimer,house,D,JoshGottheimer,campaign
Josh Gottheimer,house,D,RepJoshG,office
Leonard Lance,house,R,LeonardLanceNJ7,campaign
Leonard Lance,house,R,RepLanceNJ7,office
Mikie Sherrill,house,D,MikieSherrill,campaign
Mikie Sherrill,house,D,RepSherrill,office
Rodney Frelinghuysen,house,R,USRepRodney,office
Tom MacArthur,house,R,tmac4congress,campaign
Tom MacArthur,house,R,RepTomMacArthur,office
Tom Malinowski,house,D,RepMalinowski,office
Tom Malinowski,house,D,Malinowski,campaign
Deb Haaland,house,D,DebHaalandNM,campaign
Deb Haaland,house,D,RepDebHaaland,office
Michelle Lujan Grisham,house,D,Michelle4NM,campaign
Michelle Lujan Grisham,house,D,RepLujanGrisham,office
Stella Herrell,house,R,RepHerrell,office
Stella Herrell,house,R,Yvette4congress,campaign
Steve Pearce,house,R,Pearce4NM,campaign
Steve Pearce,house,R,RepStevePearce,office
Teresa Fernandez,house,D,RepTeresaLF,office
Teresa Fernandez,house,D,TeresaForNM,campaign
Xochitl Torres Small,house,D,XochforCongress,campaign
Xochitl Torres Small,house,D,RepTorresSmall,office
Dina Titus,house,D,dinatitus,campaign
Dina Titus,house,D,repdinatitus,office
Mark Amodei,house,R,AmodeiForNevada,campaign
Mark Amodei,house,R,MarkAmodeiNV2,office
Ruben Kihuen,house,D,RubenKihuen,campaign
Ruben Kihuen,house,D,RepKihuen,office
Steven Horsford,house,D,StevenHorsford,campaign
Steven Horsford,house,D,RepHorsford,office
Susie Lee,house,D,SusieLeeNV,campaign
Susie Lee,house,D,RepSusieLee,office
Adriano Espaillat,house,D,EspaillatNY,campaign
Adriano Espaillat,house,D,CongEspaillat,office
Adriano Espaillat,house,D,RepEspaillat,office
Alexandria Ocasio-Cortez,house,D,AOC,campaign
Alexandria Ocasio-Cortez,house,D,RepAOC,office
Alexandria Ocasio-Cortez,house,D,aocenespanol,campaign
Andrew Garbarino,house,R,RepGarbarino,office
Andrew Garbarino,house,R,GarbarinoforNY,campaign
Anthony Brindisi,house,D,ABrindisiNY,campaign
Anthony Brindisi,house,D,RepBrindisi,office
Antonio Delgado,house,D,repdelgado,office
Antonio Delgado,house,D,DelgadoforNY19,campaign
Brian Higgins,house,D,RepBrianHiggins,office
Brian Higgins,house,D,Higgins4WNY,campaign
Carolyn Maloney,house,D,CarolynBMaloney,campaign
Carolyn Maloney,house,D,RepMaloney,office
Chris Collins,house,R,CollinsNY27,campaign
Chris Collins,house,R,RepChrisCollins,office
Chris Jacobs,house,R,RepJacobs,office
Chris Jacobs,house,R,JacobsNY27,campaign
Claudia Tenney,house,R,claudiatenney,campaign
Claudia Tenney,house,R,RepTenney,office
Dan Donovan,house,R,dandonovan_ny,campaign
Dan Donovan,house,R,RepDanDonovan,office
Eliot Engel,house,D,RepEliotEngel,office
Eliot Engel,house,D,TeamEngel,campaign
Elise Stefanik,house,R,EliseStefanik,campaign
Elise Stefanik,house,R,RepStefanik,office
Grace Meng,house,D,Grace4NY,campaign
Grace Meng,house,D,RepGraceMeng,office
Gregory Meeks,house,D,RepGregoryMeeks,office
Gregory Meeks,house,D,GregMeeksNYC,campaign
Hakeem Jeffries,house,D,RepJeffries,office
Hakeem Jeffries,house,D,hakeemjeffries,campaign
Jamaal Bowman,house,D,RepBowman,office
Jamaal Bowman,house,D,JamaalBowmanNY,campaign
Jerrold Nadler,house,D,RepJerryNadler,office
Jerrold Nadler,house,D,JerryNadler,campaign
John Faso,house,R,JohnFasoNy,campaign
John Faso,house,R,RepJohnFaso,office
John Katko,house,R,RepJohnKatko,office
Jose E. Serrano,house,D,RepJoseSerrano,office
Jose E. Serrano,house,D,serranocongress,campaign
Joseph Crowley,house,D,repjoecrowley,office
Joseph Crowley,house,D,JoeCrowleyforNY,campaign
Joseph Morelle,house,D,JoeMorelle,office
Joseph Morelle,house,D,VoteMorelle,campaign
Joseph Morelle,house,D,RepJoeMorelle,office
Kathleen Rice,house,D,KathleenRice,campaign
Kathleen Rice,house,D,RepKathleenRice,office
Lee Zeldin,house,R,leezeldin,campaign
Lee Zeldin,house,R,RepLeeZeldin,office
Louise Slaughter,house,D,louiseslaughter,office
Louise Slaughter,house,D,VoteLouiseNY,campaign
Max Rose,house,D,RepMaxRose,office
Max Rose,house,D,MaxRose4NY,campaign
Mondaire Jones,house,D,RepMondaire,office
Mondaire Jones,house,D,MondaireJones,campaign
Nicole Malliotakis,house,R,NMalliotakis,campaign
Nicole Malliotakis,house,R,RepMalliotakis,office
Nita Lowey,house,D,NitaLowey,office
Nita Lowey,house,D,Lowey4Congress,campaign
Nydia Velazquez,house,D,NydiaVelazquez,office
Nydia Velazquez,house,D,ReElectNydia,campaign
Paul Tonko,house,D,RepPaulTonko,office
Paul Tonko,house,D,PaulTonko,campaign
Peter T. King,house,R,RepPeteKing,office
Peter T. King,house,R,petekingcpg,campaign
Ritchie Torres,house,D,RitchieTorres,campaign
Ritchie Torres,house,D,RepRitchie,office
Sean Maloney,house,D,spmaloney,campaign
Sean Maloney,house,D,RepSeanMaloney,office
Thomas Suozzi,house,D,Tom_Suozzi,campaign
Thomas Suozzi,house,D,RepTomSuozzi,office
Tom Reed,house,R,TomReedCongress,campaign
Tom Reed,house,R,TomReedNY23,office
Yvette Clarke,house,D,RepYvetteClarke,office
Yvette Clarke,house,D,VoteYvette,campaign
Anthony Gonzalez,house,R,RepAGonzalez,office
Anthony Gonzalez,house,R,anthonygonzalez,campaign
Bill Johnson,house,R,JohnsonLeads,campaign
Bill Johnson,house,R,RepBillJohnson,office
Bob Gibbs,house,R,Bob_Gibbs,campaign
Bob Gibbs,house,R,RepBobGibbs,office
Bob Latta,house,R,boblatta,office
Bob Latta,house,R,latta4congress,campaign
Brad Wenstrup,house,R,bradwenstrup,campaign
Brad Wenstrup,house,R,RepBradWenstrup,office
David Joyce,house,R,DaveJoyceOH14,campaign
David Joyce,house,R,RepDaveJoyce,office
Jim Jordan,house,R,Jim_Jordan,office
Jim Jordan,house,R,Votejimjordan,campaign
Jim Renacci,house,R,RepJimRenacci,office
Jim Renacci,house,R,JimRenacci,campaign
Joyce Beatty,house,D,JoyceBeatty,campaign
Joyce Beatty,house,D,RepBeatty,office
Marcia Fudge,house,D,mlfudge,campaign
Marcia Fudge,house,D,RepMarciaFudge,office
Marcy Kaptur,house,D,Marcy_Kaptur,campaign
Marcy Kaptur,house,D,RepMarcyKaptur,office
Mike Turner,house,R,RepMikeTurner,office
Mike Turner,house,R,MikeTurnerOH,campaign
Pat Tiberi,house,R,TeamTiberi,campaign
Pat Tiberi,house,R,PatTiberi,office
Steve Chabot,house,R,SteveChabot,campaign
Steve Chabot,house,R,RepSteveChabot,office
Steve Stivers,house,R,stevestivers,campaign
Steve Stivers,house,R,RepSteveStivers,office
Tim Ryan,house,D,RepTimRyan,office
Tim Ryan,house,D,TimRyan,campaign
Troy Balderson,house,R,Troy_Balderson,campaign
Troy Balderson,house,R,RepBalderson,office
Warren Davidson,house,R,WarrenDavidson,office
Warren Davidson,house,R,Vote_Davidson,campaign
Frank Lucas,house,R,RepFrankLucas,office
Frank Lucas,house,R,FrankDLucas,campaign
Jim Bridenstine,house,R,Bridenstine4OK,campaign
Jim Bridenstine,house,R,RepJBridenstine,office
Kendra Horn,house,D,KendraSHorn,office
Kendra Horn,house,D,HornForCongress,campaign
Kevin Hern,house,R,krhern,campaign
Kevin Hern,house,R,repkevinhern,office
Markwayne Mullin,house,R,MarkwayneMullin,campaign
Markwayne Mullin,house,R,RepMullin,office
Stephanie Bice,house,R,stephaniebice,campaign
Stephanie Bice,house,R,RepBice,office
Steve Russell,house,R,SteveRussellOK,campaign
Steve Russell,house,R,RepRussell,office
Tom Cole,house,R,TomColeOK04,office
Tom Cole,house,R,ColeForCongress,campaign
Cliff Bentz,house,R,RepBentz,office
Cliff Bentz,house,R,CliffBentz,campaign
Earl Blumenauer,house,D,repblumenauer,campaign
Earl Blumenauer,house,D,BlumenauerMedia,office
Greg Walden,house,R,repgregwalden,office
Greg Walden,house,R,gregwalden,campaign
Kurt Schrader,house,D,RepSchrader,office
Kurt Schrader,house,D,VoteSchrader,campaign
Peter DeFazio,house,D,DeFazio4Oregon,campaign
Peter DeFazio,house,D,RepPeterDeFazio,office
Suzanne Bonamici,house,D,RepBonamici,office
Bill Shuster,house,R,RepBillShuster,office
Bill Shuster,house,R,ShusterForPA9,campaign
Bob Brady,house,D,RepBrady,office
Bob Brady,house,D,BradyforPhilly,campaign
Brendan Boyle,house,D,RepBrendanBoyle,campaign
Brendan Boyle,house,D,CongBoyle,office
Brian Fitzpatrick,house,R,RepBrianFitz,office
Brian Fitzpatrick,house,R,BrianFitzUSA,campaign
Charlie Dent,house,R,DentforCongress,campaign
Charlie Dent,house,R,RepCharlieDent,office
Chrissy Houlahan,house,D,RepHoulahan,office
Chrissy Houlahan,house,D,HoulahanForPA,campaign
Conor Lamb,house,D,RepConorLamb,office
Conor Lamb,house,D,ConorLambPA,campaign
Dan Meuser,house,R,RepMeuser,office
Dan Meuser,house,R,Meuser4Congress,campaign
Dwight Evans,house,D,RepDwightEvans,office
Dwight Evans,house,D,DwightEvansPA,campaign
Fred Keller,house,R,RepFredKeller,office
Fred Keller,house,R,VoteFredKeller,campaign
Glenn Thompson,house,R,CongressmanGT,office
Glenn Thompson,house,R,GT_TeamGT,campaign
Guy Reschenthaler,house,R,reschenthaler,campaign
Guy Reschenthaler,house,R,GReschenthaler,office
John Joyce,house,R,RepJohnJoyce,office
John Joyce,house,R,JohnJoyceForPA,campaign
Keith Rothfus,house,R,KeithRothfus,office
Lloyd Smucker,house,R,RepSmucker,office
Lloyd Smucker,house,R,LloydSmuckerPA,campaign
Lou Barletta,house,R,louforsenate,campaign
Lou Barletta,house,R,RepLouBarletta,office
Madeleine Dean,house,D,RepDean,office
Madeleine Dean,house,D,MadeleineDean,campaign
Mary Scanlon,house,D,marygayscanlon,campaign
Mary Scanlon,house,D,RepMGS,office
Matt Cartwright,house,D,CartwrightPA,campaign
Matt Cartwright,house,D,RepCartwright,office
Michael F. Doyle,house,D,USRepMikeDoyle,office
Michael F. Doyle,house,D,rep_doyle,campaign
Mike Kelly,house,R,MikeKellyforPA,campaign
Mike Kelly,house,R,MikeKellyPA,office
Pat Meehan,house,R,PatMeehanPA,campaign
Pat Meehan,house,R,RepMeehan,office
Ryan Costello,house,R,RyanACostello,campaign
Ryan Costello,house,R,RepRyanCostello,office
Ryan Costello,house,R,RyanCostello,office
Scott Perry,house,R,RepScottPerry,office
Scott Perry,house,R,PatriotsPerry,campaign
Susan Wild,house,D,wildforcongress,campaign
Susan Wild,house,D,RepSusanWild,office
Tim Murphy,house,R,RepTimMurphy,office
Tim Murphy,house,R,TimMurphyPA,campaign
Tom Marino,house,R,Marino4Congress,campaign
Tom Marino,house,R,RepTomMarino,office
Jenniffer Gonzalez,house,R,Jenniffer2012,campaign
Jenniffer Gonzalez,house,R,JGO_2020,campaign
Jenniffer Gonzalez,house,R,RepJenniffer,office
David Cicilline,house,D,davidcicilline,campaign
David Cicilline,house,D,RepCicilline,office
Jim Langevin,house,D,JimLangevin,office
Jim Langevin,house,D,LangevinForRI,campaign
Jeff Duncan,house,R,Duncan4Congress,campaign
Jeff Duncan,house,R,RepJeffDuncan,office
Jim Clyburn,house,D,WhipClyburn,office
Jim Clyburn,house,D,ClyburnSC06,campaign
Joe Cunningham,house,D,RepCunningham,office
Joe Cunningham,house,D,JoeCunninghamSC,campaign
Joe Wilson,house,R,TeamJoeWilson,campaign
Joe Wilson,house,R,RepJoeWilson,office
Mark Sanford,house,R,MarkSanford,campaign
Mark Sanford,house,R,RepSanfordSC,office
Nancy Mace,house,R,RepNancyMace,office
Nancy Mace,house,R,NancyMace,campaign
Ralph Norman,house,R,RalphNorman,campaign
Ralph Norman,house,R,RepRalphNorman,office
Tom Rice,house,R,TomRiceSC7,campaign
Tom Rice,house,R,RepTomRice,office
Trey Gowdy,house,R,TGowdySC,office
Trey Gowdy,house,R,gowdy4congress,campaign
William Timmons,house,R,reptimmons,office
William Timmons,house,R,votetimmons,campaign
Dusty Johnson,house,R,DustyJohnson,campaign
Dusty Johnson,house,R,RepDustyJohnson,office
Kristi Noem,house,R,KristiNoem,campaign
Kristi Noem,house,R,RepKristiNoem,office
Chuck Fleischmann,house,R,chuck4congress,campaign
Chuck Fleischmann,house,R,RepChuck,office
David Kustoff,house,R,DavidKustoff,campaign
David Kustoff,house,R,repdavidkustoff,office
Diana Harshbarger,house,R,RepHarshbarger,office
Diana Harshbarger,house,R,DHarshbargerTN1,campaign
Diane Black,house,R,RepDianeBlack,office
Diane Black,house,R,DianeBlackTN,campaign
Jim Cooper,house,D,repjimcooper,office
Jim Cooper,house,D,coopforcongress,campaign
Jimmy Duncan,house,R,RepJohnDuncanJr,office
John Rose,house,R,RepJohnRose,office
John Rose,house,R,JohnRoseforTN,campaign
Mark Green,house,R,DrMarkGreen4TN,campaign
Mark Green,house,R,RepMarkGreen,office
Phil Roe,house,R,DrPhilRoe,office
Scott DesJarlais,house,R,tndesjarlais,campaign
Scott DesJarlais,house,R,DesJarlaisTN04,office
Steve Cohen,house,D,ReElectCohen,campaign
Steve Cohen,house,D,RepCohen,office
Tim Burchett,house,R,timburchett,campaign
Tim Burchett,house,R,RepTimBurchett,office
Al Green,house,D,RepAlGreen,office
Al Green,house,D,RepAlGreenTX,office
August Pfluger,house,R,RepPfluger,office
August Pfluger,house,R,AugustPfluger,campaign
Beth Van Duyne,house,R,Bethvanduyne,campaign
Beth Van Duyne,house,R,RepBethVanDuyne,office
Beto O'Rourke,house,D,BetoORourke,campaign
Beto O'Rourke,house,D,RepBetoORourke,office
Bill Flores,house,R,Flores4Congress,campaign
Bill Flores,house,R,BillFloresTX,office
Blake Farenthold,house,R,farenthold,office
Blake Farenthold,house,R,Elect_Blake,campaign
Brian Babin,house,R,Babin4Congress,campaign
Brian Babin,house,R,RepBrianBabin,office
Chip Roy,house,R,chiproytx,campaign
Chip Roy,house,R,RepChipRoy,office
Colin Allred,house,D,ColinAllredTX,campaign
Colin Allred,house,D,RepColinAllred,office
Dan Crenshaw,house,R,RepDanCrenshaw,office
Dan Crenshaw,house,R,DanCrenshawTX,campaign
Eddie Bernice Johnson,house,D,RepEBJ,office
Ernest Gonzales,house,R,RepTonyGonzales,office
Ernest Gonzales,house,R,TonyGonzales4TX,campaign
Filemon Vela,house,D,FilemonVela,campaign
Filemon Vela,house,D,RepFilemonVela,office
Gene Green,house,D,RepGeneGreen,office
Gene Green,house,D,GeneGreen29,campaign
Henry Cuellar,house,D,RepCuellar,office
Henry Cuellar,house,D,CuellarCampaign,campaign
Jeb Hensarling,house,R,RepHensarling,office
Jeb Hensarling,house,R,JebHensarling,campaign
Joaquin Castro,house,D,JoaquinCastrotx,office
Joaquin Castro,house,D,Castro4Congress,campaign
Jodey Arrington,house,R,JodeyArrington,campaign
Jodey Arrington,house,R,RepArrington,office
Joe Barton,house,R,RepJoeBarton,office
Joe Barton,house,R,Barton4Congress,campaign
John Carter,house,R,JudgeCarter,office
John Carter,house,R,RepJohnCarter,campaign
John Carter,house,R,JudgeJohnCarter,campaign
John Culberson,house,R,johnculberson,campaign
John Culberson,house,R,CongCulberson,office
John Ratcliffe,house,R,RatcliffeTX4,campaign
John Ratcliffe,house,R,RepRatcliffe,office
Kay Granger,house,R,RepKayGranger,office
Kay Granger,house,R,kay_granger,campaign
Kenny Marchant,house,R,RepKenMarchant,office
Kenny Marchant,house,R,MarchantforTX24,campaign
Kevin Brady,house,R,RepKevinBrady,office
Kevin Brady,house,R,bradyfortexas,campaign
Lamar Smith,house,R,LamarSmithTX21,office
Lamar Smith,house,R,TexansforLamar,campaign
Lance Gooden,house,R,RepLanceGooden,office
Lance Gooden,house,R,Lancegooden,campaign
Lizzie Fletcher,house,D,RepFletcher,office
Lizzie Fletcher,house,D,Lizzie4Congress,campaign
Lloyd Doggett,house,D,RepLloydDoggett,office
Lloyd Doggett,house,D,LloydDoggettTX,campaign
Louie Gohmert,house,R,replouiegohmert,office
Louie Gohmert,house,R,LouieGohmertTX1,campaign
Mac Thornberry,house,R,MacTXPress,office
Mac Thornberry,house,R,MacThornberry,campaign
Mark Veasey,house,D,MarcVeasey,campaign
Mark Veasey,house,D,RepVeasey,office
Michael C. Burgess,house,R,michaelcburgess,office
Michael C. Burgess,house,R,DrBurgessTX,campaign
Michael Cloud,house,R,michaeljcloud,campaign
Michael Cloud,house,R,RepCloudTX,office
Michael McCaul,house,R,RepMcCaul,office
Michael McCaul,house,R,McCaulforTexas,campaign
Mike Conaway,house,R,ConawayTX11,office
Patrick Fallon,house,R,FallonForTexas,campaign
Patrick Fallon,house,R,RepPatFallon,office
Pete Olson,house,R,PeteOlson,campaign
Pete Olson,house,R,RepPeteOlson,office
Pete Sessions,house,R,PeteSessions,office
Pete Sessions,house,R,SessionsTX17,campaign
Randy Weber,house,R,WeberforTexas,campaign
Randy Weber,house,R,TXRandy14,office
Roger Williams,house,R,RogerWilliamsTX,campaign
Roger Williams,house,R,RepRWilliams,office
Ron Wright,house,R,RepRonWright,office
Ron Wright,house,R,ron4congress,campaign
Ronny Jackson,house,R,RepRonnyJackson,office
Ronny Jackson,house,R,RonnyJacksonTX,campaign
Sam Johnson,house,R,SamsPressShop,office
Sheila Jackson Lee,house,D,JacksonLeeTX18,office
Sheila Jackson Lee,house,D,JacksonLee18,campaign
Sheila Jackson Lee,house,D,sjl4hrc,campaign
Sylvia Garcia,house,D,LaCongresista,campaign
Sylvia Garcia,house,D,RepSylviaGarcia,office
Ted Poe,house,R,JudgeTedPoe,office
Troy Nehls,house,R,SheriffTNehls,campaign
Troy Nehls,house,R,RepTroyNehls,office
Van Taylor,house,R,VanTaylorTX,campaign
Van Taylor,house,R,RepVanTaylor,office
Veronica Escobar,house,D,vgescobar,campaign
Veronica Escobar,house,D,RepEscobar,office
Vicente Gonzalez,house,D,RepGonzalez,office
Vicente Gonzalez,house,D,VoteVicente,campaign
Will Hurd,house,R,WillHurd,campaign
Will Hurd,house,R,HurdOnTheHill,office
Ben McAdams,house,D,BenMcAdams,campaign
Ben McAdams,house,D,BenMcAdamsUT,office
Blake Moore,house,R,ElectBlakeMoore,campaign
Blake Moore,house,R,RepBlakeMoore,office
Chris Stewart,house,R,StewartforUtah,campaign
Chris Stewart,house,R,RepChrisStewart,office
Clarence Owens,house,R,BurgessOwens,campaign
Clarence Owens,house,R,RepBurgessOwens,office
Jason Chaffetz,house,R,jasoninthehouse,office
John Curtis,house,R,CurtisUT,campaign
John Curtis,house,R,RepJohnCurtis,office
Mia Love,house,R,MiaBLove,campaign
Mia Love,house,R,RepMiaLove,office
Rob Bishop,house,R,RepRobBishop,office
Rob Bishop,house,R,RobBishopUT,campaign
Abigail Spanberger,house,D,RepSpanberger,office
Abigail Spanberger,house,D,SpanbergerVA07,campaign
Barbara Comstock,house,R,BarbaraComstock,campaign
Barbara Comstock,house,R,RepComstock,office
Ben Cline,house,R,Cline4Virginia,campaign
Ben Cline,house,R,RepBenCline,office
Bob Goodlatte,house,R,RepGoodlatte,office
Bob Goodlatte,house,R,BobGoodlatte6,campaign
Bobby Scott,house,D,BobbyScott,office
Bobby Scott,house,D,BobbyScott4VA3,campaign
Dave Brat,house,R,DaveBratVA7th,campaign
Dave Brat,house,R,RepDaveBrat,office
Denver Riggleman,house,R,RepRiggleman,office
Denver Riggleman,house,R,Denver4VA,campaign
Don Beyer,house,D,DonBeyerVA,campaign
Don Beyer,house,D,RepDonBeyer,office
Donald McEachin,house,D,Donald_McEachin,campaign
Donald McEachin,house,D,RepMcEachin,office
Elaine Luria,house,D,RepElaineLuria,office
Elaine Luria,house,D,ElaineLuriaVA,campaign
Gerry Connolly,house,D,GerryConnolly,office
Gerry Connolly,house,D,ElectConnolly,campaign
Jennifer Wexton,house,D,JenniferWexton,campaign
Jennifer Wexton,house,D,RepWexton,office
Morgan Griffith,house,R,MorganGriffith,campaign
Morgan Griffith,house,R,RepMGriffith,office
Rob Wittman,house,R,RobWittman,office
Rob Wittman,house,R,ReElectWittman,campaign
Robert Good,house,R,RepBobGood,office
Robert Good,house,R,GoodForCongress,campaign
Scott Taylor,house,R,Scotttaylorva,campaign
Scott Taylor,house,R,RepScottTaylor,office
Tom Garrett Jr.,house,R,GarrettforVA,campaign
Tom Garrett Jr.,house,R,RepTomGarrett,office
Stacey Plaskett,house,D,StaceyPlaskett,office
Peter Welch,house,D,WelchForVT,campaign
Peter Welch,house,D,PeterWelch,office
Adam Smith,house,D,electadamsmith,campaign
Adam Smith,house,D,RepAdamSmith,office
Cathy McMorris Rodgers,house,R,cathymcmorris,office
Cathy McMorris Rodgers,house,R,TeamCMR,campaign
Dan Newhouse,house,R,Newhouse4Rep,campaign
Dan Newhouse,house,R,RepNewhouse,office
Dave Reichert,house,R,davereichert,office
Dave Reichert,house,R,TeamReichert,campaign
Denny Heck,house,D,DennyHeck,campaign
Denny Heck,house,D,RepDennyHeck,office
Derek Kilmer,house,D,DerekKilmer,campaign
Derek Kilmer,house,D,RepDerekKilmer,office
Jaime Herrera Beutler,house,R,JaimeForUSRep,campaign
Jaime Herrera Beutler,house,R,HerreraBeutler,office
Kim Schrier,house,D,RepKimSchrier,office
Kim Schrier,house,D,DrKimSchrier,campaign
Marilyn Strickland,house,D,RepStricklandWA,office
Marilyn Strickland,house,D,StricklandforWA,campaign
Pramila Jayapal,house,D,PramilaJayapal,campaign
Pramila Jayapal,house,D,RepJayapal,office
Rick Larsen,house,D,larsenrick,campaign
Rick Larsen,house,D,RepRickLarsen,office
Suzan DelBene,house,D,SuzanDelBene,campaign
Suzan DelBene,house,D,RepDelBene,office
Bryan Steil,house,R,RepBryanSteil,office
Bryan Steil,house,R,BryanSteil,campaign
Glenn Grothman,house,R,GrothmanforWI,campaign
Glenn Grothman,house,R,RepGrothman,office
Gwen Moore,house,D,RepGwenMoore,office
Gwen Moore,house,D,Gwen4Congress,campaign
Jim Sensenbrenner,house,R,JimPressOffice,office
Mark Pocan,house,D,MarkPocan,campaign
Mark Pocan,house,D,repmarkpocan,office
Mike Gallagher,house,R,MikeforWI,campaign
Mike Gallagher,house,R,RepGallagher,office
Paul Ryan,house,R,SpeakerRyan,office
Paul Ryan,house,R,PRyan,office
Ron Kind,house,D,RepRonKind,office
Ron Kind,house,D,KindforCongress,campaign
Scott Fitzgerald,house,R,RepFitzgerald,office
Scott Fitzgerald,house,R,FitzgeraldForWI,campaign
Sean Duffy,house,R,Duffy4Wisconsin,campaign
Sean Duffy,house,R,RepSeanDuffy,office
Thomas Tiffany,house,R,TomTiffanyWI,campaign
Thomas Tiffany,house,R,RepTiffany,office
Alex Mooney,house,R,MooneyforWV,campaign
Alex Mooney,house,R,RepAlexMooney,office
Carol Miller,house,R,CarolMillerWV,campaign
Carol Miller,house,R,RepCarolMiller,office
David McKinley,house,R,mckinley4cong,campaign
David McKinley,house,R,RepMcKinley,office
David McKinley,house,R,McKinleyforWV,campaign
Evan Jenkins,house,R,EvanJenkinsWV,campaign
Evan Jenkins,house,R,RepEvanJenkins,office
Liz Cheney,house,R,Liz_Cheney,campaign
Liz Cheney,house,R,RepLizCheney,office
Dan Sullivan,senate,R,DanSullivan_AK,campaign
Dan Sullivan,senate,R,SenDanSullivan,office
Lisa Murkowski,senate,R,lisamurkowski,office
Lisa Murkowski,senate,R,LisaForSenate,campaign
Doug Jones,senate,D,DougJones,campaign
Doug Jones,senate,D,SenDougJones,office
Doug Jones,senate,D,DougJonesHQ,campaign
Luther Strange,senate,R,lutherstrange,campaign
Luther Strange,senate,R,SenatorStrange,office
Richard Shelby,senate,R,SenShelby,office
Richard Shelby,senate,R,ShelbyForSenate,campaign
Tommy Tuberville,senate,R,TTuberville,campaign
Tommy Tuberville,senate,R,SenTuberville,office
John Boozman,senate,R,JohnBoozman,office
John Boozman,senate,R,Boozman4AR,campaign
Tom Cotton,senate,R,TomCottonAR,campaign
Tom Cotton,senate,R,SenTomCotton,office
Jeff Flake,senate,R,JeffFlake,office
Jeff Flake,senate,R,TeamFlake,campaign
Jeff Flake,senate,R,FlakeforSenate,campaign
John McCain,senate,R,TeamMcCain,campaign
John McCain,senate,R,SenJohnMcCain,office
Kyrsten Sinema,senate,D,kyrstensinema,campaign
Kyrsten Sinema,senate,D,SenatorSinema,office
Mark Kelly,senate,D,CaptMarkKelly,campaign
Mark Kelly,senate,D,SenMarkKelly,office
Martha McSally,senate,R,MarthaMcSallyAZ,campaign
Martha McSally,senate,R,MarthaMcSally,office
Martha McSally,senate,R,TeamMcSally,campaign
Alex Padilla,senate,D,AlexPadilla4CA,campaign
Alex Padilla,senate,D,SenAlexPadilla,office
Dianne Feinstein,senate,D,DianneFeinstein,campaign
Dianne Feinstein,senate,D,SenFeinstein,office
Kamala Harris,senate,D,KamalaHarris,campaign
Kamala Harris,senate,D,VP,office
Cory Gardner,senate,R,CoryGardner,campaign
Cory Gardner,senate,R,SenCoryGardner,office
John W. Hickenlooper,senate,D,Hickenlooper,campaign
John W. Hickenlooper,senate,D,SenatorHick,office
Michael Bennet,senate,D,MichaelBennet,campaign
Michael Bennet,senate,D,SenatorBennet,office
Chris Murphy,senate,D,ChrisMurphyCT,campaign
Chris Murphy,senate,D,SenMurphyOffice,office
Richard Blumenthal,senate,D,DickBlumenthal,campaign
Richard Blumenthal,senate,D,SenBlumenthal,office
Chris Coons,senate,D,ChrisCoons,campaign
Chris Coons,senate,D,SenCoonsOffice,office
Chris Coons,senate,D,ChrisCoonsforDE,campaign
Tom Carper,senate,D,SenatorCarper,office
Tom Carper,senate,D,TomCarperforDE,campaign
Bill Nelson,senate,D,SenBillNelson,office
Bill Nelson,senate,D,NelsonForSenate,campaign
Marco Rubio,senate,R,marcorubio,campaign
Marco Rubio,senate,R,SenRubioPress,office
Rick Scott,senate,R,SenRickScott,office
Rick Scott,senate,R,ScottforFlorida,campaign
David Perdue,senate,R,Perduesenate,campaign
David Perdue,senate,R,sendavidperdue,office
David Perdue,senate,R,TeamPerdue,campaign
Johnny Isakson,senate,R,SenatorIsakson,office
Johnny Isakson,senate,R,JohnnyIsakson,campaign
Jon Ossoff,senate,D,ossoff,campaign
Jon Ossoff,senate,D,TeamOssoff,campaign
Jon Ossoff,senate,D,SenOssoff,office
Kelly Loeffler,senate,R,kloeffler,campaign
Kelly Loeffler,senate,R,SenatorLoeffler,office
Raphael G. Warnock,senate,D,ReverendWarnock,campaign
Raphael G. Warnock,senate,D,SenatorWarnock,office
Brian Schatz,senate,D,brianschatz,campaign
Brian Schatz,senate,D,SenBrianSchatz,office
Brian Schatz,senate,D,SchatzforHawaii,campaign
Mazie Hirono,senate,D,maziehirono,office
Mazie Hirono,senate,D,mazieforhawaii,campaign
Chuck Grassley,senate,R,ChuckGrassley,office
Chuck Grassley,senate,R,GrassleyWorks,campaign
Chuck Grassley,senate,R,GrassleyPress,office
Joni Ernst,senate,R,joniernst,campaign
Joni Ernst,senate,R,TeamJoni,campaign
Joni Ernst,senate,R,SenJoniErnst,office
Jim Risch,senate,R,JimRisch,campaign
Jim Risch,senate,R,SenatorRisch,office
Jim Risch,senate,R,Risch4Idaho,campaign
Mike Crapo,senate,R,crapoforsenate,campaign
Mike Crapo,senate,R,MikeCrapo,office
Dick Durbin,senate,D,SenatorDurbin,office
Dick Durbin,senate,D,DickDurbin,campaign
Tammy Duckworth,senate,D,TammyDuckworth_,campaign
Tammy Duckworth,senate,D,TammyDuckworth,campaign
Tammy Duckworth,senate,D,SenDuckworth,office
Joe Donnelly,senate,D,SenDonnelly,office
Joe Donnelly,senate,D,JoeforIndiana,campaign
Mike Braun,senate,R,braun4indiana,campaign
Mike Braun,senate,R,SenatorBraun,office
Todd Young,senate,R,ToddYoungIN,campaign
Todd Young,senate,R,SenToddYoung,office
Jerry Moran,senate,R,JerryMoran,office
Jerry Moran,senate,R,moranforkansas,campaign
Pat Roberts,senate,R,SenPatRoberts,office
Pat Roberts,senate,R,PatRoberts,campaign
Roger Marshall,senate,R,RogerMarshallMD,campaign
Roger Marshall,senate,R,RepMarshall,office
Roger Marshall,senate,R,SenatorMarshall,office
Mitch McConnell,senate,R,SRCC,office
Mitch McConnell,senate,R,McConnellPress,office
Mitch McConnell,senate,R,Team_Mitch,campaign
Mitch McConnell,senate,R,LeaderMcConnell,office
Rand Paul,senate,R,DrRandPaul,campaign
Rand Paul,senate,R,RandPaul,office
Bill Cassidy,senate,R,BillCassidy,campaign
Bill Cassidy,senate,R,SenBillCassidy,office
John Kennedy,senate,R,JohnKennedyLA,campaign
John Kennedy,senate,R,SenJohnKennedy,office
Ed Markey,senate,D,SenMarkey,office
Ed Markey,senate,D,EdMarkey,campaign
Elizabeth Warren,senate,D,ewarren,campaign
Elizabeth Warren,senate,D,SenWarren,office
Ben Cardin,senate,D,SenatorCardin,office
Ben Cardin,senate,D,BenCardinforMD,campaign
Chris Van Hollen,senate,D,ChrisVanHollen,office
Chris Van Hollen,senate,D,VanHollenForMD,campaign
Angus King,senate,I,AngusforMaine,campaign
Angus King,senate,I,SenAngusKing,office
Angus King,senate,I,AngusKing2018,campaign
Susan Collins,senate,R,SenSusanCollins,campaign
Susan Collins,senate,R,SenatorCollins,office
Debbie Stabenow,senate,D,stabenow,campaign
Debbie Stabenow,senate,D,SenStabenow,office
Gary Peters,senate,D,GaryPeters,campaign
Gary Peters,senate,D,SenGaryPeters,office
Gary Peters,senate,D,TeamPetersHQ,campaign
Al Franken,senate,D,alfranken,campaign
Al Franken,senate,D,SenFranken,office
Amy Klobuchar,senate,D,SenAmyKlobuchar,office
Amy Klobuchar,senate,D,amyklobuchar,campaign
Tina Smith,senate,D,TinaSmithMN,campaign
Tina Smith,senate,D,SenTinaSmith,office
Claire McCaskill,senate,D,clairecmc,campaign
Claire McCaskill,senate,D,McCaskillOffice,office
Claire McCaskill,senate,D,McCaskill4MO,campaign
Josh Hawley,senate,R,HawleyMO,campaign
Josh Hawley,senate,R,SenHawleyPress,office
Josh Hawley,senate,R,TeamHawley,campaign
Roy Blunt,senate,R,RoyBlunt,office
Roy Blunt,senate,R,BluntBrigade,campaign
Roy Blunt,senate,R,RoyBluntPress,office
Roy Blunt,senate,R,RoyBluntMO,campaign
Cindy Hyde-Smith,senate,R,cindyhydesmith,campaign
Cindy Hyde-Smith,senate,R,SenHydeSmith,office
Cindy Hyde-Smith,senate,R,TeamHydeSmith,campaign
Roger Wicker,senate,R,RogerWicker,campaign
Roger Wicker,senate,R,SenatorWicker,office
Thad Cochran,senate,R,SenThadCochran,office
Jon Tester,senate,D,jontester,campaign
Jon Tester,senate,D,SenatorTester,office
Steve Daines,senate,R,SteveDaines,office
Steve Daines,senate,R,DainesforMT,campaign
Richard Burr,senate,R,SenatorBurr,office
Richard Burr,senate,R,BurrForSenate,campaign
Thom Tillis,senate,R,ThomTillis,campaign
Thom Tillis,senate,R,SenThomTillis,office
Thom Tillis,senate,R,TeamTillis,campaign
Thom Tillis,senate,R,VetsForTillis,campaign
Heidi Heitkamp,senate,D,HeidiHeitkamp,campaign
Heidi Heitkamp,senate,D,SenatorHeitkamp,office
John Hoeven,senate,R,hoeven4senate,campaign
John Hoeven,senate,R,SenJohnHoeven,office
Kevin Cramer,senate,R,kevincramer,campaign
Kevin Cramer,senate,R,SenKevinCramer,office
Ben Sasse,senate,R,BenSasse,campaign
Ben Sasse,senate,R,SenSasse,office
Ben Sasse,senate,R,TeamSasse,campaign
Deb Fischer,senate,R,DebFischerNE,campaign
Deb Fischer,senate,R,DebSFischer,campaign
Deb Fischer,senate,R,SenatorFischer,office
Jeanne Shaheen,senate,D,JeanneShaheen,campaign
Jeanne Shaheen,senate,D,SenatorShaheen,office
Maggie Hassan,senate,D,Maggie_Hassan,campaign
Maggie Hassan,senate,D,SenatorHassan,office
Bob Menendez,senate,D,SenatorMenendez,office
Bob Menendez,senate,D,BobMenendezNJ,campaign
Cory Booker,senate,D,corybooker,campaign
Cory Booker,senate,D,Booker4Senate,campaign
Cory Booker,senate,D,SenBooker,office
Ben Ray Lujan,senate,D,SenatorLujan,office
Ben Ray Lujan,senate,D,benraylujan,campaign
Martin Heinrich,senate,D,TeamHeinrich,campaign
Martin Heinrich,senate,D,MartinHeinrich,office
Tom Udall,senate,D,tomudall,campaign
Tom Udall,senate,D,SenatorTomUdall,office
Tom Udall,senate,D,TomUdallPress,campaign
Catherine Cortez Masto,senate,D,CatherineForNV,campaign
Catherine Cortez Masto,senate,D,SenCortezMasto,office
Dean Heller,senate,R,DeanHeller,campaign
Dean Heller,senate,R,SenDeanHeller,office
Jacky Rosen,senate,D,SenJackyRosen,office
Jacky Rosen,senate,D,RosenforNevada,campaign
Chuck Schumer,senate,D,SenSchumer,office
Chuck Schumer,senate,D,chuckschumer,campaign
Kirsten Gillibrand,senate,D,SenGillibrand,campaign
Kirsten Gillibrand,senate,D,gillibrandny,office
Rob Portman,senate,R,senrobportman,office
Rob Portman,senate,R,PortmanPress,office
Rob Portman,senate,R,robportman,campaign
Sherrod Brown,senate,D,SherrodBrown,campaign
Sherrod Brown,senate,D,SenSherrodBrown,office
James Lankford,senate,R,jameslankford,campaign
James Lankford,senate,R,SenatorLankford,office
Jim Inhofe,senate,R,JimInhofe,office
Jim Inhofe,senate,R,InhofePress,office
Jim Inhofe,senate,R,inhofeforsenate,campaign
Jeff Merkley,senate,D,SenJeffMerkley,office
Jeff Merkley,senate,D,JeffMerkley,campaign
Ron Wyden,senate,D,WydenForOregon,campaign
Ron Wyden,senate,D,RonWyden,office
Ron Wyden,senate,D,WydenPress,office
Bob Casey Jr.,senate,D,Bob_Casey,campaign
Bob Casey Jr.,senate,D,SenBobCasey,office
Pat Toomey,senate,R,PatToomey,campaign
Pat Toomey,senate,R,SenToomey,office
Jack Reed,senate,D,SenJackReed,office
Jack Reed,senate,D,jackreed2020,campaign
Sheldon Whitehouse,senate,D,SenWhitehouse,office
Sheldon Whitehouse,senate,D,SheldonforRI,campaign
Lindsey Graham,senate,R,GrahamBlog,office
Lindsey Graham,senate,R,LindseyGrahamSC,campaign
Tim Scott,senate,R,votetimscott,campaign
Tim Scott,senate,R,SenatorTimScott,office
Tim Scott,senate,R,TimScottSC,campaign
John Thune,senate,R,johnthune,campaign
John Thune,senate,R,SenJohnThune,office
Mike Rounds,senate,R,RoundsforSenate,campaign
Mike Rounds,senate,R,SenatorRounds,office
Bill Hagerty,senate,R,BillHagertyTN,campaign
Bill Hagerty,senate,R,SenatorHagerty,office
Bob Corker,senate,R,SenBobCorker,office
Bob Corker,senate,R,BobCorker,campaign
Lamar Alexander,senate,R,LamarAlexander,campaign
Lamar Alexander,senate,R,SenAlexander,office
Marsha Blackburn,senate,R,VoteMarsha,campaign
Marsha Blackburn,senate,R,MarshaBlackburn,office
John Cornyn,senate,R,JohnCornyn,office
John Cornyn,senate,R,TeamCornyn,campaign
Ted Cruz,senate,R,tedcruz,campaign
Ted Cruz,senate,R,SenTedCruz,office
Ted Cruz,senate,R,TeamTedCruz,campaign
Mike Lee,senate,R,SenMikeLee,office
Mike Lee,senate,R,MikeLeeforUtah,campaign
Mitt Romney,senate,R,MittRomney,campaign
Mitt Romney,senate,R,SenatorRomney,office
Mitt Romney,senate,R,Romney4Utah,campaign
Orrin Hatch,senate,R,OrrinHatch,campaign
Orrin Hatch,senate,R,senorrinhatch,office
Mark Warner,senate,D,MarkWarner,office
Mark Warner,senate,D,MarkWarnerVA,campaign
Tim Kaine,senate,D,timkaine,office
Tim Kaine,senate,D,SenKaineOffice,office
Tim Kaine,senate,D,TeamKaine,campaign
Bernie Sanders,senate,I,SenSanders,office
Bernie Sanders,senate,I,BernieSanders,campaign
Patrick Leahy,senate,D,SenatorLeahy,office
Patrick Leahy,senate,D,PatrickLeahy,campaign
Maria Cantwell,senate,D,MariaCantwell,campaign
Maria Cantwell,senate,D,SenatorCantwell,office
Patty Murray,senate,D,MurrayCampaign,campaign
Patty Murray,senate,D,PattyMurray,office
Ron Johnson,senate,R,RonJohnsonWI,campaign
Ron Johnson,senate,R,SenRonJohnson,office
Tammy Baldwin,senate,D,tammybaldwin,campaign
Tammy Baldwin,senate,D,SenatorBaldwin,office
Joe Manchin,senate,D,JoeManchinWV,campaign
Joe Manchin,senate,D,Sen_JoeManchin,office
Shelley Moore Capito,senate,R,CapitoforWV,campaign
Shelley Moore Capito,senate,R,SenCapito,office
Cynthia M. Lummis,senate,R,SenLummis,office
Cynthia M. Lummis,senate,R,CynthiaMLummis,campaign
John Barrasso,senate,R,SenJohnBarrasso,office
John Barrasso,senate,R,barrassoforwyo,campaign
Mike Enzi,senate,R,SenatorEnzi,office
Mike Enzi,senate,R,EnziforWyo,campaign
